[
    {
        "inputs": [
            {
                "internalType": "string",
                "name": "_name",
                "type": "string"
            },
            {
                "internalType": "string",
                "name": "_symbol",
                "type": "string"
            },
            {
                "internalType": "address",
                "name": "currencyAddress",
                "type": "address"
            }
        ],
        "stateMutability": "nonpayable",
        "type": "constructor"
    },
    {
        "anonymous": false,
        "inputs": [
            {
                "indexed": true,
                "internalType": "address",
                "name": "account",
                "type": "address"
            },
            {
                "indexed": true,
                "internalType": "address",
                "name": "operator",
                "type": "address"
            },
            {
                "indexed": false,
                "internalType": "bool",
                "name": "approved",
                "type": "bool"
            }
        ],
        "name": "ApprovalForAll",
        "type": "event"
    },
    {
        "anonymous": false,
        "inputs": [
            {
                "indexed": true,
                "internalType": "uint256",
                "name": "roundId",
                "type": "uint256"
            },
            {
                "indexed": true,
                "internalType": "address",
                "name": "user",
                "type": "address"
            },
            {
                "indexed": false,
                "internalType": "uint256",
                "name": "amount",
                "type": "uint256"
            }
        ],
        "name": "BidLog",
        "type": "event"
    },
    {
        "anonymous": false,
        "inputs": [
            {
                "indexed": false,
                "internalType": "address",
                "name": "userAddress",
                "type": "address"
            },
            {
                "indexed": false,
                "internalType": "address payable",
                "name": "relayerAddress",
                "type": "address"
            },
            {
                "indexed": false,
                "internalType": "bytes",
                "name": "functionSignature",
                "type": "bytes"
            }
        ],
        "name": "MetaTransactionExecuted",
        "type": "event"
    },
    {
        "anonymous": false,
        "inputs": [
            {
                "indexed": true,
                "internalType": "uint256",
                "name": "roundId",
                "type": "uint256"
            },
            {
                "indexed": true,
                "internalType": "address",
                "name": "user",
                "type": "address"
            },
            {
                "indexed": false,
                "internalType": "string",
                "name": "uri",
                "type": "string"
            }
        ],
        "name": "ProposeLog",
        "type": "event"
    },
    {
        "anonymous": false,
        "inputs": [
            {
                "indexed": true,
                "internalType": "address",
                "name": "user",
                "type": "address"
            },
            {
                "indexed": false,
                "internalType": "uint256",
                "name": "amount",
                "type": "uint256"
            }
        ],
        "name": "RecoverGovernanceLog",
        "type": "event"
    },
    {
        "anonymous": false,
        "inputs": [
            {
                "indexed": true,
                "internalType": "address",
                "name": "bidder",
                "type": "address"
            },
            {
                "indexed": false,
                "internalType": "uint256",
                "name": "amount",
                "type": "uint256"
            },
            {
                "indexed": false,
                "internalType": "uint256",
                "name": "valueWei",
                "type": "uint256"
            }
        ],
        "name": "RedeemTreasuryLog",
        "type": "event"
    },
    {
        "anonymous": false,
        "inputs": [
            {
                "indexed": true,
                "internalType": "uint256",
                "name": "roundId",
                "type": "uint256"
            },
            {
                "indexed": true,
                "internalType": "address",
                "name": "bidder",
                "type": "address"
            },
            {
                "indexed": true,
                "internalType": "address",
                "name": "voted",
                "type": "address"
            }
        ],
        "name": "SettleLog",
        "type": "event"
    },
    {
        "anonymous": false,
        "inputs": [
            {
                "indexed": true,
                "internalType": "address",
                "name": "operator",
                "type": "address"
            },
            {
                "indexed": true,
                "internalType": "address",
                "name": "from",
                "type": "address"
            },
            {
                "indexed": true,
                "internalType": "address",
                "name": "to",
                "type": "address"
            },
            {
                "indexed": false,
                "internalType": "uint256[]",
                "name": "ids",
                "type": "uint256[]"
            },
            {
                "indexed": false,
                "internalType": "uint256[]",
                "name": "values",
                "type": "uint256[]"
            }
        ],
        "name": "TransferBatch",
        "type": "event"
    },
    {
        "anonymous": false,
        "inputs": [
            {
                "indexed": true,
                "internalType": "address",
                "name": "operator",
                "type": "address"
            },
            {
                "indexed": true,
                "internalType": "address",
                "name": "from",
                "type": "address"
            },
            {
                "indexed": true,
                "internalType": "address",
                "name": "to",
                "type": "address"
            },
            {
                "indexed": false,
                "internalType": "uint256",
                "name": "id",
                "type": "uint256"
            },
            {
                "indexed": false,
                "internalType": "uint256",
                "name": "value",
                "type": "uint256"
            }
        ],
        "name": "TransferSingle",
        "type": "event"
    },
    {
        "anonymous": false,
        "inputs": [
            {
                "indexed": false,
                "internalType": "string",
                "name": "value",
                "type": "string"
            },
            {
                "indexed": true,
                "internalType": "uint256",
                "name": "id",
                "type": "uint256"
            }
        ],
        "name": "URI",
        "type": "event"
    },
    {
        "anonymous": false,
        "inputs": [
            {
                "indexed": true,
                "internalType": "uint256",
                "name": "roundId",
                "type": "uint256"
            },
            {
                "indexed": true,
                "internalType": "address",
                "name": "user",
                "type": "address"
            },
            {
                "indexed": false,
                "internalType": "address",
                "name": "vote",
                "type": "address"
            }
        ],
        "name": "VoteLog",
        "type": "event"
    },
    {
        "inputs": [],
        "name": "ERC712_VERSION",
        "outputs": [
            {
                "internalType": "string",
                "name": "",
                "type": "string"
            }
        ],
        "stateMutability": "view",
        "type": "function"
    },
    {
        "inputs": [],
        "name": "GOVERNANCE_ROUNDS",
        "outputs": [
            {
                "internalType": "uint256",
                "name": "",
                "type": "uint256"
            }
        ],
        "stateMutability": "view",
        "type": "function"
    },
    {
        "inputs": [],
        "name": "MINIMUM_BID_INCREMENT",
        "outputs": [
            {
                "internalType": "uint256",
                "name": "",
                "type": "uint256"
            }
        ],
        "stateMutability": "view",
        "type": "function"
    },
    {
        "inputs": [],
        "name": "ROUNDS_DURATION",
        "outputs": [
            {
                "internalType": "uint256",
                "name": "",
                "type": "uint256"
            }
        ],
        "stateMutability": "view",
        "type": "function"
    },
    {
        "inputs": [],
        "name": "ROUNDS_TOLERANCE",
        "outputs": [
            {
                "internalType": "uint256",
                "name": "",
                "type": "uint256"
            }
        ],
        "stateMutability": "view",
        "type": "function"
    },
    {
        "inputs": [
            {
                "internalType": "address",
                "name": "account",
                "type": "address"
            },
            {
                "internalType": "uint256",
                "name": "id",
                "type": "uint256"
            }
        ],
        "name": "balanceOf",
        "outputs": [
            {
                "internalType": "uint256",
                "name": "",
                "type": "uint256"
            }
        ],
        "stateMutability": "view",
        "type": "function"
    },
    {
        "inputs": [
            {
                "internalType": "address[]",
                "name": "accounts",
                "type": "address[]"
            },
            {
                "internalType": "uint256[]",
                "name": "ids",
                "type": "uint256[]"
            }
        ],
        "name": "balanceOfBatch",
        "outputs": [
            {
                "internalType": "uint256[]",
                "name": "",
                "type": "uint256[]"
            }
        ],
        "stateMutability": "view",
        "type": "function"
    },
    {
        "inputs": [
            {
                "internalType": "uint256",
                "name": "_amount",
                "type": "uint256"
            }
        ],
        "name": "bid",
        "outputs": [],
        "stateMutability": "nonpayable",
        "type": "function"
    },
    {
        "inputs": [
            {
                "internalType": "address",
                "name": "account",
                "type": "address"
            },
            {
                "internalType": "uint256",
                "name": "id",
                "type": "uint256"
            },
            {
                "internalType": "uint256",
                "name": "value",
                "type": "uint256"
            }
        ],
        "name": "burn",
        "outputs": [],
        "stateMutability": "nonpayable",
        "type": "function"
    },
    {
        "inputs": [
            {
                "internalType": "address",
                "name": "account",
                "type": "address"
            },
            {
                "internalType": "uint256[]",
                "name": "ids",
                "type": "uint256[]"
            },
            {
                "internalType": "uint256[]",
                "name": "values",
                "type": "uint256[]"
            }
        ],
        "name": "burnBatch",
        "outputs": [],
        "stateMutability": "nonpayable",
        "type": "function"
    },
    {
        "inputs": [],
        "name": "currencyContract",
        "outputs": [
            {
                "internalType": "contract IERC20",
                "name": "",
                "type": "address"
            }
        ],
        "stateMutability": "view",
        "type": "function"
    },
    {
        "inputs": [],
        "name": "currentRound",
        "outputs": [
            {
                "internalType": "uint256",
                "name": "",
                "type": "uint256"
            }
        ],
        "stateMutability": "view",
        "type": "function"
    },
    {
        "inputs": [
            {
                "internalType": "address",
                "name": "userAddress",
                "type": "address"
            },
            {
                "internalType": "bytes",
                "name": "functionSignature",
                "type": "bytes"
            },
            {
                "internalType": "bytes32",
                "name": "sigR",
                "type": "bytes32"
            },
            {
                "internalType": "bytes32",
                "name": "sigS",
                "type": "bytes32"
            },
            {
                "internalType": "uint8",
                "name": "sigV",
                "type": "uint8"
            }
        ],
        "name": "executeMetaTransaction",
        "outputs": [
            {
                "internalType": "bytes",
                "name": "",
                "type": "bytes"
            }
        ],
        "stateMutability": "payable",
        "type": "function"
    },
    {
        "inputs": [
            {
                "internalType": "uint256",
                "name": "id",
                "type": "uint256"
            }
        ],
        "name": "exists",
        "outputs": [
            {
                "internalType": "bool",
                "name": "",
                "type": "bool"
            }
        ],
        "stateMutability": "view",
        "type": "function"
    },
    {
        "inputs": [],
        "name": "getChainId",
        "outputs": [
            {
                "internalType": "uint256",
                "name": "",
                "type": "uint256"
            }
        ],
        "stateMutability": "view",
        "type": "function"
    },
    {
        "inputs": [],
        "name": "getDomainSeperator",
        "outputs": [
            {
                "internalType": "bytes32",
                "name": "",
                "type": "bytes32"
            }
        ],
        "stateMutability": "view",
        "type": "function"
    },
    {
        "inputs": [
            {
                "internalType": "address",
                "name": "user",
                "type": "address"
            }
        ],
        "name": "getNonce",
        "outputs": [
            {
                "internalType": "uint256",
                "name": "nonce",
                "type": "uint256"
            }
        ],
        "stateMutability": "view",
        "type": "function"
    },
    {
        "inputs": [
            {
                "internalType": "address",
                "name": "account",
                "type": "address"
            },
            {
                "internalType": "address",
                "name": "operator",
                "type": "address"
            }
        ],
        "name": "isApprovedForAll",
        "outputs": [
            {
                "internalType": "bool",
                "name": "",
                "type": "bool"
            }
        ],
        "stateMutability": "view",
        "type": "function"
    },
    {
        "inputs": [],
        "name": "name",
        "outputs": [
            {
                "internalType": "string",
                "name": "",
                "type": "string"
            }
        ],
        "stateMutability": "view",
        "type": "function"
    },
    {
        "inputs": [
            {
                "internalType": "address",
                "name": "",
                "type": "address"
            },
            {
                "internalType": "address",
                "name": "",
                "type": "address"
            },
            {
                "internalType": "uint256[]",
                "name": "",
                "type": "uint256[]"
            },
            {
                "internalType": "uint256[]",
                "name": "",
                "type": "uint256[]"
            },
            {
                "internalType": "bytes",
                "name": "",
                "type": "bytes"
            }
        ],
        "name": "onERC1155BatchReceived",
        "outputs": [
            {
                "internalType": "bytes4",
                "name": "",
                "type": "bytes4"
            }
        ],
        "stateMutability": "nonpayable",
        "type": "function"
    },
    {
        "inputs": [
            {
                "internalType": "address",
                "name": "",
                "type": "address"
            },
            {
                "internalType": "address",
                "name": "",
                "type": "address"
            },
            {
                "internalType": "uint256",
                "name": "",
                "type": "uint256"
            },
            {
                "internalType": "uint256",
                "name": "",
                "type": "uint256"
            },
            {
                "internalType": "bytes",
                "name": "",
                "type": "bytes"
            }
        ],
        "name": "onERC1155Received",
        "outputs": [
            {
                "internalType": "bytes4",
                "name": "",
                "type": "bytes4"
            }
        ],
        "stateMutability": "nonpayable",
        "type": "function"
    },
    {
        "inputs": [
            {
                "internalType": "string",
                "name": "_uri",
                "type": "string"
            }
        ],
        "name": "propose",
        "outputs": [],
        "stateMutability": "nonpayable",
        "type": "function"
    },
    {
        "inputs": [],
        "name": "recoverGovernance",
        "outputs": [],
        "stateMutability": "nonpayable",
        "type": "function"
    },
    {
        "inputs": [
            {
                "internalType": "uint256",
                "name": "amount",
                "type": "uint256"
            }
        ],
        "name": "redeemTreasury",
        "outputs": [],
        "stateMutability": "nonpayable",
        "type": "function"
    },
    {
        "inputs": [
            {
                "internalType": "address",
                "name": "from",
                "type": "address"
            },
            {
                "internalType": "address",
                "name": "to",
                "type": "address"
            },
            {
                "internalType": "uint256[]",
                "name": "ids",
                "type": "uint256[]"
            },
            {
                "internalType": "uint256[]",
                "name": "amounts",
                "type": "uint256[]"
            },
            {
                "internalType": "bytes",
                "name": "data",
                "type": "bytes"
            }
        ],
        "name": "safeBatchTransferFrom",
        "outputs": [],
        "stateMutability": "nonpayable",
        "type": "function"
    },
    {
        "inputs": [
            {
                "internalType": "address",
                "name": "from",
                "type": "address"
            },
            {
                "internalType": "address",
                "name": "to",
                "type": "address"
            },
            {
                "internalType": "uint256",
                "name": "id",
                "type": "uint256"
            },
            {
                "internalType": "uint256",
                "name": "amount",
                "type": "uint256"
            },
            {
                "internalType": "bytes",
                "name": "data",
                "type": "bytes"
            }
        ],
        "name": "safeTransferFrom",
        "outputs": [],
        "stateMutability": "nonpayable",
        "type": "function"
    },
    {
        "inputs": [
            {
                "internalType": "address",
                "name": "operator",
                "type": "address"
            },
            {
                "internalType": "bool",
                "name": "approved",
                "type": "bool"
            }
        ],
        "name": "setApprovalForAll",
        "outputs": [],
        "stateMutability": "nonpayable",
        "type": "function"
    },
    {
        "inputs": [],
        "name": "settle",
        "outputs": [],
        "stateMutability": "nonpayable",
        "type": "function"
    },
    {
        "inputs": [
            {
                "internalType": "bytes4",
                "name": "interfaceId",
                "type": "bytes4"
            }
        ],
        "name": "supportsInterface",
        "outputs": [
            {
                "internalType": "bool",
                "name": "",
                "type": "bool"
            }
        ],
        "stateMutability": "view",
        "type": "function"
    },
    {
        "inputs": [],
        "name": "symbol",
        "outputs": [
            {
                "internalType": "string",
                "name": "",
                "type": "string"
            }
        ],
        "stateMutability": "view",
        "type": "function"
    },
    {
        "inputs": [],
        "name": "tokensLength",
        "outputs": [
            {
                "internalType": "uint256",
                "name": "",
                "type": "uint256"
            }
        ],
        "stateMutability": "view",
        "type": "function"
    },
    {
        "inputs": [
            {
                "internalType": "uint256",
                "name": "id",
                "type": "uint256"
            }
        ],
        "name": "totalSupply",
        "outputs": [
            {
                "internalType": "uint256",
                "name": "",
                "type": "uint256"
            }
        ],
        "stateMutability": "view",
        "type": "function"
    },
    {
        "inputs": [
            {
                "internalType": "uint256",
                "name": "_tokenId",
                "type": "uint256"
            }
        ],
        "name": "uri",
        "outputs": [
            {
                "internalType": "string",
                "name": "",
                "type": "string"
            }
        ],
        "stateMutability": "view",
        "type": "function"
    },
    {
        "inputs": [
            {
                "internalType": "address",
                "name": "_vote",
                "type": "address"
            },
            {
                "internalType": "uint256",
                "name": "_amount",
                "type": "uint256"
            }
        ],
        "name": "vote",
        "outputs": [],
        "stateMutability": "nonpayable",
        "type": "function"
    }
]